{
  "accuracy": [
    0.261904776096344,
    0.4285714328289032,
    0.488095223903656,
    0.6547619104385376,
    0.738095223903656,
    0.726190447807312,
    0.773809552192688,
    0.8452380895614624,
    0.8452380895614624,
    0.8452380895614624,
    0.4761904776096344,
    0.488095223903656,
    0.4285714328289032,
    0.511904776096344,
    0.5833333134651184
  ],
  "loss": [
    1.8673501014709473,
    1.3197605609893799,
    1.0774503946304321,
    0.8741680979728699,
    0.7156279683113098,
    0.6425426006317139,
    0.5307047963142395,
    0.46553951501846313,
    0.4384872317314148,
    0.4994240403175354,
    1.2001920938491821,
    1.270848035812378,
    1.1628276109695435,
    1.0595215559005737,
    1.0003820657730103
  ],
  "val_accuracy": [
    0.3636363744735718,
    0.5454545617103577,
    0.5909090638160706,
    0.6363636255264282,
    0.6363636255264282,
    0.6363636255264282,
    0.6818181872367859,
    0.7272727489471436,
    0.6818181872367859,
    0.6818181872367859,
    0.6818181872367859,
    0.6818181872367859,
    0.6818181872367859,
    0.6818181872367859,
    0.6818181872367859
  ],
  "val_loss": [
    1.3903690576553345,
    1.0899453163146973,
    0.8638778924942017,
    0.7887961864471436,
    0.7540307641029358,
    0.7119482159614563,
    0.6866940259933472,
    0.6761395931243896,
    0.6640375852584839,
    0.6606888175010681,
    0.6648960709571838,
    0.6667511463165283,
    0.6707187294960022,
    0.6725863218307495,
    0.6743100881576538
  ]
}